{
  "risk_score_quantile_60": -0.009370458119803938,
  "risk_score_quantile_85": 0.03356926367430637
}